NOM,PRENOM,EMAIL
Hench,John,jhench@wed.com
Atencio,X,xatencion@wed.com
Bob,Gurr,bgurr@wed.com
Coats,Claude,ccoats@wed.com
Baxter,Tony,tbaxter@wed.com
Blair,Mary,mblair@wed.com
Rohde,Joe,jrohde@wed.com
Sherman,Richard,dsherman@wed.com
Sherman,Robert,rsherman@wed.com
Davis,Marc,mdavis@wed.com
Davis,Alice,adavis@wed.com
Sklar,Marty,lsklar@wed.com